adf_stat,adf_p,kpss_stat,kpss_p
-11.355497761520192,9.757703667744924e-21,0.06321805015850859,0.1
