lag,lb_stat,lb_pvalue
10,1039.6749447079685,5.297385141295973e-217
20,1411.4166678220392,3.9645613577255485e-287
60,2360.047473217248,0.0
