adf_stat,adf_p,kpss_stat,kpss_p
-1.0981150851812926,0.7158230017454362,8.309459820881257,0.01
