model,rmse,directional_hit_rate
naive_last,1284.2111860163702,0.7722007722007722
naive_drift,606.0086485369553,54.18275418275418
seasonal_naive_5,1300.508778670442,53.024453024453024
