adf_stat,adf_p,kpss_stat,kpss_p
-11.077082595272756,4.404954274595606e-20,0.10852035977922038,0.1
