context_len,rmse,mae,mape
32,707.1743898490582,562.9310761044622,3.450385894746952
64,1253.9594115137047,1125.1707998002396,6.864847728597293
128,309.82823517735267,231.31119441396166,1.434809745967615
