model,rmse
Pure Trend Model,292.8119550700079
Gated Macro Trend Model,287.6225846185905
