model,rmse,mae,mape
univariate_lag_transformer,276.6349556359993,227.45610826355923,1.414684643263551
univariate_lag_transformer_gated,277.82189057147406,228.5858061052631,1.4214886861804201
