model,rows,rmse,mae,mape
AR_only,3488,72.39628111454569,53.11600712084942,0.36375162695388613
AR_plus_selected_exog,3418,74.6037570161436,56.1601538224541,0.3847712859851794
AR_plus_all_exog,3418,75.90360210268658,57.01685940781093,0.39071597610135894
