model,rmse
elasticnet_full,369.9137166758142
regime_split_safe,876.0620516023835
lgbm_safe,889.8963993014477
direct_safe,1123.2147136352387
direct_full,1138.517204538133
lgbm_full,1604.0514070808817
