model,rmse
Pure Trend Model,292.8119550700079
Gated Trend Model,405.3897805897306
