model,rmse
Pure Trend Model,293.78170709406413
Gated Exogenous Model,327.7461925321809
