vix_quartile,auc,train_n,test_n
0,0.43670701897334424,612,263
1,0.5305449496702535,611,263
2,0.5481840334184266,613,263
3,0.5329932581588211,610,262
