{
  "RMSE": 1437.731357541984,
  "MAPE": 9.413032780365855,
  "MAE": 1367.3646792763159,
  "R2": -8.524023608798442,
  "SMAPE": 8.945399005156961
}