scenario,train_ratio,RMSE,MAPE,MAE,R2,SMAPE
80/20,0.8,1437.731357541984,9.413032780365855,1367.3646792763159,-8.524023608798442,8.945399005156961
