{
  "RMSE": 453.6685675563517,
  "MAPE": 3.4993721692300874,
  "MAE": 88.21697729564032,
  "R2": 0.2528611263092265,
  "SMAPE": 1.2196604766935553
}