{
  "RMSE": 103.81985026431059,
  "MAPE": 0.5480859065047703,
  "MAE": 80.25670320311659,
  "R2": 0.9496031321967907,
  "SMAPE": 0.5469479474188599
}